-- ==========================================================
-- SCRIPT DML CORREGIDO - LEASING (TA2)
-- Corrección: Se asigna una POLIZA distinta a cada CONTRATO
-- para respetar el UNIQUE INDEX del modelo.
-- ==========================================================

-- 0. TABLA: ENTIDAD_BANCARIA (NUEVO - NECESARIO)
INSERT INTO entidad_bancaria VALUES ('BAN001', 20100011111, 'BCP', 014113000, 'contacto@bcp.com');
INSERT INTO entidad_bancaria VALUES ('BAN002', 20100022222, 'BBVA', 014130000, 'servicios@bbva.com');
INSERT INTO entidad_bancaria VALUES ('BAN003', 20100033333, 'SCOTIABANK', 014150000, 'info@scotiabank.com');
INSERT INTO entidad_bancaria VALUES ('BAN004', 20100044444, 'INTERBANK', 014160000, 'ayuda@interbank.com');
INSERT INTO entidad_bancaria VALUES ('BAN005', 20100055555, 'BANBIF', 014170000, 'soporte@banbif.com');
INSERT INTO entidad_bancaria VALUES ('BAN006', 20100066666, 'MIBANCO', 014180000, 'contacto@mibanco.com');
INSERT INTO entidad_bancaria VALUES ('BAN007', 20100077777, 'PICHINCHA', 014190000, 'client@pichincha.com');


-- 1. TABLA: EMPRESA_ARR (Clientes)
INSERT INTO empresa_arr (id_emp_arr, ruc, razon_social, telefono, direccion) VALUES ('EMP001', 20555555551, 'TRANSPORTES VELOCES S.A.C.', 999888777, 'AV. JAVIER PRADO 123');
INSERT INTO empresa_arr (id_emp_arr, ruc, razon_social, telefono, direccion) VALUES ('EMP002', 20666666662, 'CONSTRUCTORA LIMA GLOBAL', 999111222, 'CALLE LOS PINOS 456');
INSERT INTO empresa_arr (id_emp_arr, ruc, razon_social, telefono, direccion) VALUES ('EMP003', 20777777773, 'TECNOLOGIA E INNOVACION EIRL', 987654321, 'JR. DE LA UNION 789');
INSERT INTO empresa_arr (id_emp_arr, ruc, razon_social, telefono, direccion) VALUES ('EMP004', 20888888884, 'MINERA DEL SUR S.A.', 955444333, 'CARRETERA CENTRAL KM 10');
INSERT INTO empresa_arr (id_emp_arr, ruc, razon_social, telefono, direccion) VALUES ('EMP005', 20999999995, 'AGROINDUSTRIAS DEL VALLE', 944555666, 'FUNDO EL SOL S/N, ICA');
INSERT INTO empresa_arr (id_emp_arr, ruc, razon_social, telefono, direccion) VALUES ('EMP006', 20123456789, 'CLINICA SANTA SALUD', 911222333, 'AV. AREQUIPA 500');
INSERT INTO empresa_arr (id_emp_arr, ruc, razon_social, telefono, direccion) VALUES ('EMP007', 20987654321, 'TEXTIL MODA PERU', 977888999, 'GAMARRA 1230');

-- 2. TABLA: PROVEEDOR
INSERT INTO proveedor VALUES ('PROV01', 20100000001, 'VOLVO PERU', 987654321, 'ventas@volvo.pe', 'INMEDIATA', 'VEHICULOS');
INSERT INTO proveedor VALUES ('PROV02', 20200000002, 'FERREYROS CAT', 986543210, 'contacto@cat.pe', 'BAJO PEDIDO', 'MAQUINARIA');
INSERT INTO proveedor VALUES ('PROV03', 20300000003, 'DELL ENTERPRISE', 985432109, 'b2b@dell.pe', 'INMEDIATA', 'TECNOLOGIA');
INSERT INTO proveedor VALUES ('PROV04', 20400000004, 'SCANIA DEL PERU', 999666333, 'info@scania.pe', 'INMEDIATA', 'VEHICULOS');
INSERT INTO proveedor VALUES ('PROV05', 20500000005, 'PHILIPS MEDICAL', 988777666, 'ventas@philips.pe', 'IMPORTACION', 'EQUIPO MEDICO');

-- 3. TABLA: SEGURO (Creamos 5 Pólizas para 5 Contratos)
-- NOTA: El modelo exige una póliza única por contrato.
INSERT INTO seguro VALUES ('POL001', 'RIESGO TOTAL', 50000, TO_DATE('01/01/2024','DD/MM/YYYY'), 'A', TO_DATE('01/01/2025','DD/MM/YYYY'), 'NINGUNA', 'VEHICULAR');
INSERT INTO seguro VALUES ('POL002', 'DAÑOS TERCEROS', 150000, TO_DATE('15/02/2024','DD/MM/YYYY'), 'A', TO_DATE('15/02/2026','DD/MM/YYYY'), 'NEGLIGENCIA', 'MAQUINARIA');
INSERT INTO seguro VALUES ('POL003', 'FLOTA SEGURA', 250000, TO_DATE('10/03/2024','DD/MM/YYYY'), 'A', TO_DATE('10/03/2025','DD/MM/YYYY'), 'ACCIDENTES', 'VEHICULAR');
INSERT INTO seguro VALUES ('POL004', 'AGRO SEGURO', 45000, TO_DATE('01/04/2024','DD/MM/YYYY'), 'A', TO_DATE('01/04/2027','DD/MM/YYYY'), 'CLIMA', 'AGRICOLA');
INSERT INTO seguro VALUES ('POL005', 'EQ. MEDICO', 120000, TO_DATE('01/05/2024','DD/MM/YYYY'), 'A', TO_DATE('01/05/2028','DD/MM/YYYY'), 'NINGUNA', 'ESPECIALIZADO');

-- 4. TABLA: REPRESENTANTE
INSERT INTO representante VALUES ('REP001', 'JUAN PEREZ', '40404040', 999000111, TO_DATE('1980-05-20','YYYY-MM-DD'), 'jperez@trans.com', 'LOGISTICA', 'EMP001');
INSERT INTO representante VALUES ('REP002', 'MARIA GOMEZ', '41414141', 999000222, TO_DATE('1985-08-15','YYYY-MM-DD'), 'mgomez@const.com', 'FINANZAS', 'EMP002');
INSERT INTO representante VALUES ('REP003', 'CARLOS RUIZ', '42424242', 999000333, TO_DATE('1990-01-10','YYYY-MM-DD'), 'cruiz@agro.com', 'GERENCIA', 'EMP005');
INSERT INTO representante VALUES ('REP004', 'ANA SOLIS', '43434343', 999000444, TO_DATE('1988-11-25','YYYY-MM-DD'), 'asolis@clinica.com', 'COMPRAS', 'EMP006');

-- 5. TABLA: EVALUACION
INSERT INTO evaluacion VALUES ('EVA001', 25000.00, 5000.00, TO_DATE('10/01/2024','DD/MM/YYYY'), 'APROBADO', 'OK', 'EMP001');
INSERT INTO evaluacion VALUES ('EVA002', 80000.00, 15000.00, TO_DATE('20/02/2024','DD/MM/YYYY'), 'APROBADO', 'ALTO RIESGO', 'EMP002');
INSERT INTO evaluacion VALUES ('EVA003', 10000.00, 9000.00, TO_DATE('05/03/2024','DD/MM/YYYY'), 'RECHAZADO', 'SOBREENDEUDADO', 'EMP003');
INSERT INTO evaluacion VALUES ('EVA004', 150000.00, 20000.00, TO_DATE('15/03/2024','DD/MM/YYYY'), 'APROBADO', 'EXCELENTE', 'EMP004');
INSERT INTO evaluacion VALUES ('EVA005', 40000.00, 2000.00, TO_DATE('01/04/2024','DD/MM/YYYY'), 'APROBADO', 'BUEN PERFIL', 'EMP005');
INSERT INTO evaluacion VALUES ('EVA006', 300000.00, 50000.00, TO_DATE('10/04/2024','DD/MM/YYYY'), 'APROBADO', 'SOLVENTE', 'EMP006');
INSERT INTO evaluacion VALUES ('EVA007', 12000.00, 1000.00, TO_DATE('05/05/2024','DD/MM/YYYY'), 'APROBADO', 'PYME', 'EMP007');

-- 6. TABLA: SOLICITUD
INSERT INTO solicitud VALUES ('SOL001', 'A', TO_DATE('12/01/2024','DD/MM/YYYY'), 60000.00, 'USD', 'EVA001', 'CAMION', 1, TO_DATE('15/01/2024','DD/MM/YYYY'), 'EMP001', 'BAN001');

INSERT INTO solicitud VALUES ('SOL002', 'A', TO_DATE('22/02/2024','DD/MM/YYYY'), 180000.00, 'USD', 'EVA002', 'EXCAVADORA', 1, TO_DATE('25/02/2024','DD/MM/YYYY'), 'EMP002', 'BAN002');

INSERT INTO solicitud VALUES ('SOL003', 'R', TO_DATE('06/03/2024','DD/MM/YYYY'), 25000.00, 'USD', 'EVA003', 'SERVIDORES', 10, TO_DATE('10/03/2024','DD/MM/YYYY'), 'EMP003', 'BAN003');

INSERT INTO solicitud VALUES ('SOL004', 'A', TO_DATE('18/03/2024','DD/MM/YYYY'), 250000.00, 'USD', 'EVA004', 'FLOTA CAMIONES', 2, TO_DATE('22/03/2024','DD/MM/YYYY'), 'EMP004', 'BAN004');

INSERT INTO solicitud VALUES ('SOL005', 'A', TO_DATE('05/04/2024','DD/MM/YYYY'), 45000.00, 'USD', 'EVA005', 'TRACTOR', 1, TO_DATE('08/04/2024','DD/MM/YYYY'), 'EMP005', 'BAN005');

INSERT INTO solicitud VALUES ('SOL006', 'A', TO_DATE('15/04/2024','DD/MM/YYYY'), 120000.00, 'USD', 'EVA006', 'TOMOGRAFO', 1, TO_DATE('20/04/2024','DD/MM/YYYY'), 'EMP006', 'BAN006');

INSERT INTO solicitud VALUES ('SOL007', 'P', TO_DATE('10/05/2024','DD/MM/YYYY'), 15000.00, 'USD', 'EVA007', 'MAQ TEXTIL', 2, TO_DATE('10/06/2024','DD/MM/YYYY'), 'EMP007', 'BAN007');

-- 7. TABLA: CONTRATO (5 Contratos usando 5 Pólizas distintas)
-- CON001 con POL001
INSERT INTO contrato VALUES ('CON001', 60000.00, TO_DATE('01/02/2024','DD/MM/YYYY'), TO_DATE('31/01/2026','DD/MM/YYYY'), 6000.00, 24, 2500.00, 24, 'P', 'ENTREGADO', 1000.00, 'USD', 'SOL001', 'PROV01', 'POL001', 'ADMIN', SYSDATE, 'ADMIN', SYSDATE, TO_DATE('30/01/2026','DD/MM/YYYY'), 'CAMION VOLVO FH', 'EMP001');

-- CON002 con POL002
INSERT INTO contrato VALUES ('CON002', 180000.00, TO_DATE('01/03/2024','DD/MM/YYYY'), TO_DATE('28/02/2027','DD/MM/YYYY'), 18000.00, 36, 5500.00, 36, 'P', 'EN TRANSITO', 5000.00, 'USD', 'SOL002', 'PROV02', 'POL002', 'ADMIN', SYSDATE, 'ADMIN', SYSDATE, TO_DATE('28/02/2026','DD/MM/YYYY'), 'EXCAVADORA 320', 'EMP002');

-- CON003 con POL003 (NUEVA ASIGNACIÓN)
INSERT INTO contrato VALUES ('CON003', 250000.00, TO_DATE('01/04/2024','DD/MM/YYYY'), TO_DATE('31/03/2027','DD/MM/YYYY'), 25000.00, 36, 7500.00, 36, 'P', 'ENTREGADO', 8000.00, 'USD', 'SOL004', 'PROV04', 'POL003', 'ADMIN', SYSDATE, 'ADMIN', SYSDATE, TO_DATE('30/03/2026','DD/MM/YYYY'), 'FLOTA SCANIA R500', 'EMP004');

-- CON004 con POL004 (NUEVA ASIGNACIÓN)
INSERT INTO contrato VALUES ('CON004', 45000.00, TO_DATE('01/05/2024','DD/MM/YYYY'), TO_DATE('30/04/2025','DD/MM/YYYY'), 4500.00, 12, 3800.00, 12, 'P', 'ENTREGADO', 500.00, 'USD', 'SOL005', 'PROV02', 'POL004', 'ADMIN', SYSDATE, 'ADMIN', SYSDATE, TO_DATE('25/04/2026','DD/MM/YYYY'), 'TRACTOR AGRICOLA', 'EMP005');

-- CON005 con POL005 (NUEVA ASIGNACIÓN)
INSERT INTO contrato VALUES ('CON005', 120000.00, TO_DATE('01/05/2024','DD/MM/YYYY'), TO_DATE('30/04/2028','DD/MM/YYYY'), 12000.00, 48, 2800.00, 48, 'P', 'INSTALADO', 2000.00, 'USD', 'SOL006', 'PROV05', 'POL005', 'ADMIN', SYSDATE, 'ADMIN', SYSDATE, TO_DATE('28/04/2026','DD/MM/YYYY'), 'TOMOGRAFO PHILIPS', 'EMP006');

-- 8. TABLA: PRODUCTO
INSERT INTO producto VALUES ('PRD001', 'CAMION VOLVO FH', 'PESADO', 60000.00, 'ARRENDADO', 'PROV01', 'CON001', 'USD');
INSERT INTO producto VALUES ('PRD002', 'EXCAVADORA 320', 'PESADO', 180000.00, 'ARRENDADO', 'PROV02', 'CON002', 'USD');
INSERT INTO producto VALUES ('PRD003', 'FLOTA SCANIA R500', 'FLOTA', 250000.00, 'ARRENDADO', 'PROV04', 'CON003', 'USD');
INSERT INTO producto VALUES ('PRD004', 'TRACTOR AGR', 'AGRICOLA', 45000.00, 'ARRENDADO', 'PROV02', 'CON004', 'USD');
INSERT INTO producto VALUES ('PRD005', 'TOMOGRAFO MRI', 'MEDICO', 120000.00, 'ARRENDADO', 'PROV05', 'CON005', 'USD');

-- 9. TABLA: ACTA_REC_CONF
INSERT INTO acta_rec_conf VALUES ('ACT001', TO_DATE('01/02/2024','DD/MM/YYYY'), EMPTY_BLOB(), 'NUEVO', 'CON001');
INSERT INTO acta_rec_conf VALUES ('ACT002', TO_DATE('05/03/2024','DD/MM/YYYY'), EMPTY_BLOB(), 'NUEVO', 'CON002');
INSERT INTO acta_rec_conf VALUES ('ACT003', TO_DATE('05/04/2024','DD/MM/YYYY'), EMPTY_BLOB(), 'NUEVO', 'CON003');
INSERT INTO acta_rec_conf VALUES ('ACT004', TO_DATE('02/05/2024','DD/MM/YYYY'), EMPTY_BLOB(), 'USADO', 'CON004');
INSERT INTO acta_rec_conf VALUES ('ACT005', TO_DATE('05/05/2024','DD/MM/YYYY'), EMPTY_BLOB(), 'NUEVO', 'CON005');

-- 10. TABLA: CUOTA
-- Cuotas CON001
INSERT INTO cuota VALUES ('F01-01', 2500.00, 'LEASING', 'USD', TO_DATE('28/02/2024','DD/MM/YYYY'), NULL, 'P', 'CON001');
INSERT INTO cuota VALUES ('F01-02', 2500.00, 'LEASING', 'USD', TO_DATE('30/03/2024','DD/MM/YYYY'), NULL, 'P', 'CON001');
INSERT INTO cuota VALUES ('F01-03', 2500.00, 'LEASING', 'USD', TO_DATE('30/04/2024','DD/MM/YYYY'), NULL, 'P', 'CON001');
INSERT INTO cuota VALUES ('F01-04', 2500.00, 'LEASING', 'USD', TO_DATE('30/05/2024','DD/MM/YYYY'), NULL, 'P', 'CON001');

-- Cuotas CON002
INSERT INTO cuota VALUES ('F02-01', 5500.00, 'LEASING', 'USD', TO_DATE('30/03/2024','DD/MM/YYYY'), TO_DATE('28/04/2024','DD/MM/YYYY'), 'X', 'CON002');
INSERT INTO cuota VALUES ('F02-02', 5500.00, 'LEASING', 'USD', TO_DATE('30/04/2024','DD/MM/YYYY'), TO_DATE('25/05/2024','DD/MM/YYYY'), 'X', 'CON002');
INSERT INTO cuota VALUES ('F02-03', 5500.00, 'LEASING', 'USD', TO_DATE('30/05/2024','DD/MM/YYYY'), NULL, 'P', 'CON002');

-- Cuotas CON003
INSERT INTO cuota VALUES ('F03-01', 7500.00, 'LEASING', 'USD', TO_DATE('30/04/2024','DD/MM/YYYY'), TO_DATE('29/05/2024','DD/MM/YYYY'), 'X', 'CON003');
INSERT INTO cuota VALUES ('F03-02', 7500.00, 'LEASING', 'USD', TO_DATE('30/05/2024','DD/MM/YYYY'), NULL, 'P', 'CON003');
INSERT INTO cuota VALUES ('F03-03', 7500.00, 'LEASING', 'USD', TO_DATE('30/06/2024','DD/MM/YYYY'), NULL, 'P', 'CON003');

-- Cuotas CON004
INSERT INTO cuota VALUES ('F04-01', 3800.00, 'LEASING', 'USD', TO_DATE('30/05/2024','DD/MM/YYYY'), TO_DATE('01/06/2024','DD/MM/YYYY'), 'X', 'CON004');
INSERT INTO cuota VALUES ('F04-02', 3800.00, 'LEASING', 'USD', TO_DATE('30/06/2024','DD/MM/YYYY'), NULL, 'P', 'CON004');

-- Cuotas CON005
INSERT INTO cuota VALUES ('F05-01', 2800.00, 'LEASING', 'USD', TO_DATE('30/05/2024','DD/MM/YYYY'), NULL, 'P', 'CON005');
INSERT INTO cuota VALUES ('F05-02', 2800.00, 'LEASING', 'USD', TO_DATE('30/06/2024','DD/MM/YYYY'), NULL, 'P', 'CON005');

-- 11. TABLA: PAGO
INSERT INTO pago VALUES ('PAG001', NULL, 'PENDIENTE', 'TRANSFERENCIA', 2500.00, 'F01-01');
INSERT INTO pago VALUES ('PAG002', NULL, 'PENDIENTE', 'CHEQUE', 2500.00, 'F01-02');
INSERT INTO pago VALUES ('PAG003', NULL, 'PENDIENTE', 'TRANSFERENCIA', 2500.00, 'F01-03');
INSERT INTO pago VALUES ('PAG004', TO_DATE('28/04/2024','DD/MM/YYYY'), 'CANCELADO', 'TRANSFERENCIA', 5500.00, 'F02-01');
INSERT INTO pago VALUES ('PAG005', TO_DATE('25/05/2024','DD/MM/YYYY'), 'CANCELADO', 'DEPOSITO', 5500.00, 'F02-02');
INSERT INTO pago VALUES ('PAG006', TO_DATE('29/05/2024','DD/MM/YYYY'), 'CANCELADO', 'TRANSFERENCIA', 7500.00, 'F03-01');
INSERT INTO pago VALUES ('PAG007', NULL, 'PENDIENTE', 'TRANSFERENCIA', 2800.00, 'F05-01');


-- GARANTIA
INSERT INTO garantia (id_garantia, tipo, fecha_inicio, fecha_fin, monto_cubierto, condiciones, estado, producto_id_producto, seguro_id_poliza)
VALUES ('GAR001', 'COMERCIAL', DATE '2024-02-01', DATE '2025-01-01', 50000.00, 'COB_TOTAL', 'A', 'PRD001', 'POL001');

INSERT INTO garantia (id_garantia, tipo, fecha_inicio, fecha_fin, monto_cubierto, condiciones, estado, producto_id_producto, seguro_id_poliza)
VALUES ('GAR002', 'TECNICA',   DATE '2024-03-01', DATE '2026-02-15', 150000.00, 'EXC_NEGLIG', 'A', 'PRD002', 'POL002');

INSERT INTO garantia (id_garantia, tipo, fecha_inicio, fecha_fin, monto_cubierto, condiciones, estado, producto_id_producto, seguro_id_poliza)
VALUES ('GAR003', 'FLOTA',     DATE '2024-04-01', DATE '2025-03-10', 250000.00, 'COB_FLOTA',  'A', 'PRD003', 'POL003');


-- DOCUMENTO 
INSERT INTO documento (nro_doc_aso, fecha_creacion, asunto, estado_val, tipo_documento, solicitud_nro_solicitud)
VALUES ('DOC001', DATE '2024-01-12', 'Solicitud camión',        'A', 'SOLICITUD', 'SOL001');

INSERT INTO documento (nro_doc_aso, fecha_creacion, asunto, estado_val, tipo_documento, solicitud_nro_solicitud)
VALUES ('DOC002', DATE '2024-02-22', 'Cotización excav.',       'A', 'EVAL',      'SOL002');

INSERT INTO documento (nro_doc_aso, fecha_creacion, asunto, estado_val, tipo_documento, solicitud_nro_solicitud)
VALUES ('DOC003', DATE '2024-03-06', 'Rechazo servidores',     'P', 'NOTA',      'SOL003');



COMMIT;